customer1,100
customer2,101
customer3,102
customer4,103
customer5,104
customer6,105
customer7,106
customer8,107
customer9,108
customer10,109
customer11,110
customer12,111
customer13,112
customer14,113
customer15,114
customer16,115
customer17,116
customer18,117
customer19,118
customer20,119
customer21,120
customer22,121
customer23,122
customer24,123
customer25,124
customer26,125
customer27,126
customer28,127
customer29,128
customer30,129
customer31,130
customer32,131
customer33,132
customer34,133
customer35,134
customer36,135
customer37,136
customer38,137
customer39,138
customer40,139
customer41,140
customer42,141
customer43,142
customer44,143
customer45,144
customer46,145
customer47,146
customer48,147
customer49,148
customer50,149
customer51,150
customer52,151
customer53,152
customer54,153
customer55,154
customer56,155
customer57,156
customer58,157
customer59,158
customer60,159
customer61,160
customer62,161
customer63,162
customer64,163
customer65,164
customer66,165
customer67,166
customer68,167
customer69,168
customer70,169
customer71,170
customer72,171
customer73,172
customer74,173
customer75,174
customer76,175
customer77,176
customer78,177
customer79,178
customer80,179
customer81,180
customer82,181
customer83,182
customer84,183
customer85,184
customer86,185
customer87,186
customer88,187
customer89,188
customer90,189
customer91,190
customer92,191
customer93,192
customer94,193
customer95,194
customer96,195
customer97,196
customer98,197
customer99,198
customer100,199
